{"count":7,"results":[{"id":1,"name":"BUT1","description":"Etudiants de premi\u00e8re ann\u00e9e","type":"teams"},{"id":2,"name":"BUT2","description":"Etudiants de 2\u00b0 ann\u00e9e","type":"users"},{"id":3,"name":"BUT3","description":"Etudiant de 3\u00b0 ann\u00e9e","type":"users"},{"id":4,"name":"Cyber","description":"Etudiant en parcours cyber","type":"users"},{"id":5,"name":"IoM","description":"Etudiant en parcours IoM","type":"users"},{"id":6,"name":"PilPro","description":"Etudiant en parcours PilPro","type":""},{"id":7,"name":"test","description":"","type":"users"}],"meta":{}}