{"count":3,"results":[{"id":1,"name":"test","description":"test","max_attempts":0,"value":10,"category":"Exploit","type":"standard","state":"visible","requirements":null,"connection_info":null,"next_id":null,"attribution":null},{"id":2,"name":"ekjfn","description":"","max_attempts":0,"value":56,"category":"zefk","type":"standard","state":"visible","requirements":null,"connection_info":null,"next_id":null,"attribution":null},{"id":3,"name":"kut","description":"challenge facile tete de turc","max_attempts":0,"value":1,"category":"Exploit","type":"standard","state":"visible","requirements":null,"connection_info":null,"next_id":null,"attribution":null}],"meta":{}}