{"count":3,"results":[{"id":1,"type":"standard","location":"c61e3b38e60e65ce6e81537576c20184/securt.png","challenge_id":null,"page_id":null,"sha1sum":"53be3dfd038bc0f0fdcd32ce46699ecf3c23ad31"},{"id":2,"type":"standard","location":"dc97ad217bb876006f400899262934aa/securt.png","challenge_id":null,"page_id":null,"sha1sum":"21e34ef83a6a554be1a0d3f7ce3468e53f766897"},{"id":3,"type":"standard","location":"33dfd8b8bc6a6eee698aa5decc003c3e/securt.png","challenge_id":null,"page_id":null,"sha1sum":"53be3dfd038bc0f0fdcd32ce46699ecf3c23ad31"}],"meta":{}}