{"count":3,"results":[{"id":1,"oauth_id":null,"name":"Admin","password":"$bcrypt-sha256$v=2,t=2b,r=12$ZRdLIMrD6qZzCzhHBNWVnu$f7wmQI6UpdxJRiktpTitVYzlNaXoBaC","email":"etienne.paquelet@edu.univ-fcomte.fr","type":"admin","secret":null,"website":null,"affiliation":null,"country":null,"hidden":1,"banned":0,"verified":0,"team_id":null,"created":"2025-01-28T15:58:17.154749","language":null,"bracket_id":null},{"id":2,"oauth_id":null,"name":"test","password":"$bcrypt-sha256$v=2,t=2b,r=12$JKpaybQd8/peTosfrmU.o.$nMLkxUolAL6nZmyzwPXEltkXNl3Ur2e","email":"test@test.fr","type":"user","secret":null,"website":null,"affiliation":null,"country":null,"hidden":0,"banned":0,"verified":1,"team_id":null,"created":"2025-01-28T16:58:03.688277","language":null,"bracket_id":1},{"id":3,"oauth_id":null,"name":"testsaziz","password":"$bcrypt-sha256$v=2,t=2b,r=12$.ysTiJy6IqFt6qP4LRyHMO$QSN1Iew5UrVX.y7ze/ks7vwuMSYmxsq","email":"testsaziz@gmail.com","type":"user","secret":null,"website":null,"affiliation":null,"country":null,"hidden":0,"banned":0,"verified":0,"team_id":null,"created":"2025-01-29T22:17:37.099513","language":null,"bracket_id":7}],"meta":{}}